{"cameraMode":{"drawMode":0,"name":"Shaded","section":"Shading Mode"},"sceneLighting":true,"audioPlay":false,"sceneViewState":{"showFog":true,"showMaterialUpdate":false,"showSkybox":true,"showFlares":true,"showImageEffects":true,"showParticleSystems":true},"in2DMode":false,"pivot":{"x":-5.811148643493652,"y":-71.60823059082031,"z":61.13338088989258},"rotation":{"x":-0.4088861644268036,"y":-0.1542947143316269,"z":0.0703834816813469,"w":-0.8967463970184326},"size":703.3002319335938,"orthographic":false}