{"cameraMode":{"drawMode":0,"name":"Shaded","section":"Shading Mode"},"sceneLighting":true,"audioPlay":false,"sceneViewState":{"showFog":true,"showMaterialUpdate":false,"showSkybox":true,"showFlares":true,"showImageEffects":true,"showParticleSystems":true},"in2DMode":false,"pivot":{"x":-48.13555145263672,"y":37.781654357910159,"z":-20.238483428955079},"rotation":{"x":0.33575209975242617,"y":0.6433539390563965,"z":-0.37428221106529238,"w":0.5774480700492859},"size":28.88873863220215,"orthographic":false}